vocabulary_id,language_code,file_path
6021,en,BadWords/en/damn.mp3
6021,ar,BadWords/ar/damn.mp3
6021,bg,BadWords/bg/damn.mp3
6021,bn,BadWords/bn/damn.mp3
6021,ca,BadWords/ca/damn.mp3
6021,cs,BadWords/cs/damn.mp3
6021,da,BadWords/da/damn.mp3
6021,de,BadWords/de/damn.mp3
6021,el,BadWords/el/damn.mp3
6021,es,BadWords/es/damn.mp3
6021,et,BadWords/et/damn.mp3
6021,eu,BadWords/eu/damn.mp3
6021,fi,BadWords/fi/damn.mp3
6021,fr,BadWords/fr/damn.mp3
6021,gu,BadWords/gu/damn.mp3
6021,he,BadWords/he/damn.mp3
6021,hi,BadWords/hi/damn.mp3
6021,hr,BadWords/hr/damn.mp3
6021,hu,BadWords/hu/damn.mp3
6021,id,BadWords/id/damn.mp3
6021,is,BadWords/is/damn.mp3
6021,it,BadWords/it/damn.mp3
6021,ja,BadWords/ja/damn.mp3
6021,ko,BadWords/ko/damn.mp3
6021,lt,BadWords/lt/damn.mp3
6021,lv,BadWords/lv/damn.mp3
6021,ml,BadWords/ml/damn.mp3
6021,mr,BadWords/mr/damn.mp3
6021,nl,BadWords/nl/damn.mp3
6021,no,BadWords/no/damn.mp3
6021,pl,BadWords/pl/damn.mp3
6021,pt,BadWords/pt/damn.mp3
6021,ro,BadWords/ro/damn.mp3
6021,ru,BadWords/ru/damn.mp3
6021,sk,BadWords/sk/damn.mp3
6021,sl,BadWords/sl/damn.mp3
6021,sv,BadWords/sv/damn.mp3
6021,ta,BadWords/ta/damn.mp3
6021,te,BadWords/te/damn.mp3
6021,th,BadWords/th/damn.mp3
6021,tr,BadWords/tr/damn.mp3
6021,uk,BadWords/uk/damn.mp3
6021,ur,BadWords/ur/damn.mp3
6021,vi,BadWords/vi/damn.mp3
6021,zh,BadWords/zh/damn.mp3
6023,en,BadWords/en/crap.mp3
6023,ar,BadWords/ar/crap.mp3
6023,bg,BadWords/bg/crap.mp3
6023,bn,BadWords/bn/crap.mp3
6023,ca,BadWords/ca/crap.mp3
6023,cs,BadWords/cs/crap.mp3
6023,da,BadWords/da/crap.mp3
6023,de,BadWords/de/crap.mp3
6023,el,BadWords/el/crap.mp3
6023,es,BadWords/es/crap.mp3
6023,et,BadWords/et/crap.mp3
6023,eu,BadWords/eu/crap.mp3
6023,fi,BadWords/fi/crap.mp3
6023,fr,BadWords/fr/crap.mp3
6023,gu,BadWords/gu/crap.mp3
6023,he,BadWords/he/crap.mp3
6023,hi,BadWords/hi/crap.mp3
6023,hr,BadWords/hr/crap.mp3
6023,hu,BadWords/hu/crap.mp3
6023,id,BadWords/id/crap.mp3
6023,is,BadWords/is/crap.mp3
6023,it,BadWords/it/crap.mp3
6023,ja,BadWords/ja/crap.mp3
6023,ko,BadWords/ko/crap.mp3
6023,lt,BadWords/lt/crap.mp3
6023,lv,BadWords/lv/crap.mp3
6023,ml,BadWords/ml/crap.mp3
6023,mr,BadWords/mr/crap.mp3
6023,nl,BadWords/nl/crap.mp3
6023,no,BadWords/no/crap.mp3
6023,pl,BadWords/pl/crap.mp3
6023,pt,BadWords/pt/crap.mp3
6023,ro,BadWords/ro/crap.mp3
6023,ru,BadWords/ru/crap.mp3
6023,sk,BadWords/sk/crap.mp3
6023,sl,BadWords/sl/crap.mp3
6023,sv,BadWords/sv/crap.mp3
6023,ta,BadWords/ta/crap.mp3
6023,te,BadWords/te/crap.mp3
6023,th,BadWords/th/crap.mp3
6023,tr,BadWords/tr/crap.mp3
6023,uk,BadWords/uk/crap.mp3
6023,ur,BadWords/ur/crap.mp3
6023,vi,BadWords/vi/crap.mp3
6023,zh,BadWords/zh/crap.mp3
6024,en,BadWords/en/jerk.mp3
6024,ar,BadWords/ar/jerk.mp3
6024,bg,BadWords/bg/jerk.mp3
6024,bn,BadWords/bn/jerk.mp3
6024,ca,BadWords/ca/jerk.mp3
6024,cs,BadWords/cs/jerk.mp3
6024,da,BadWords/da/jerk.mp3
6024,de,BadWords/de/jerk.mp3
6024,el,BadWords/el/jerk.mp3
6024,es,BadWords/es/jerk.mp3
6024,et,BadWords/et/jerk.mp3
6024,eu,BadWords/eu/jerk.mp3
6024,fi,BadWords/fi/jerk.mp3
6024,fr,BadWords/fr/jerk.mp3
6024,gu,BadWords/gu/jerk.mp3
6024,he,BadWords/he/jerk.mp3
6024,hi,BadWords/hi/jerk.mp3
6024,hr,BadWords/hr/jerk.mp3
6024,hu,BadWords/hu/jerk.mp3
6024,id,BadWords/id/jerk.mp3
6024,is,BadWords/is/jerk.mp3
6024,it,BadWords/it/jerk.mp3
6024,ja,BadWords/ja/jerk.mp3
6024,ko,BadWords/ko/jerk.mp3
6024,lt,BadWords/lt/jerk.mp3
6024,lv,BadWords/lv/jerk.mp3
6024,ml,BadWords/ml/jerk.mp3
6024,mr,BadWords/mr/jerk.mp3
6024,nl,BadWords/nl/jerk.mp3
6024,no,BadWords/no/jerk.mp3
6024,pl,BadWords/pl/jerk.mp3
6024,pt,BadWords/pt/jerk.mp3
6024,ro,BadWords/ro/jerk.mp3
6024,ru,BadWords/ru/jerk.mp3
6024,sk,BadWords/sk/jerk.mp3
6024,sl,BadWords/sl/jerk.mp3
6024,sv,BadWords/sv/jerk.mp3
6024,ta,BadWords/ta/jerk.mp3
6024,te,BadWords/te/jerk.mp3
6024,th,BadWords/th/jerk.mp3
6024,tr,BadWords/tr/jerk.mp3
6024,uk,BadWords/uk/jerk.mp3
6024,ur,BadWords/ur/jerk.mp3
6024,vi,BadWords/vi/jerk.mp3
6024,zh,BadWords/zh/jerk.mp3
6025,en,BadWords/en/idiot.mp3
6025,ar,BadWords/ar/idiot.mp3
6025,bg,BadWords/bg/idiot.mp3
6025,bn,BadWords/bn/idiot.mp3
6025,ca,BadWords/ca/idiot.mp3
6025,cs,BadWords/cs/idiot.mp3
6025,da,BadWords/da/idiot.mp3
6025,de,BadWords/de/idiot.mp3
6025,el,BadWords/el/idiot.mp3
6025,es,BadWords/es/idiot.mp3
6025,et,BadWords/et/idiot.mp3
6025,eu,BadWords/eu/idiot.mp3
6025,fi,BadWords/fi/idiot.mp3
6025,fr,BadWords/fr/idiot.mp3
6025,gu,BadWords/gu/idiot.mp3
6025,he,BadWords/he/idiot.mp3
6025,hi,BadWords/hi/idiot.mp3
6025,hr,BadWords/hr/idiot.mp3
6025,hu,BadWords/hu/idiot.mp3
6025,id,BadWords/id/idiot.mp3
6025,is,BadWords/is/idiot.mp3
6025,it,BadWords/it/idiot.mp3
6025,ja,BadWords/ja/idiot.mp3
6025,ko,BadWords/ko/idiot.mp3
6025,lt,BadWords/lt/idiot.mp3
6025,lv,BadWords/lv/idiot.mp3
6025,ml,BadWords/ml/idiot.mp3
6025,mr,BadWords/mr/idiot.mp3
6025,nl,BadWords/nl/idiot.mp3
6025,no,BadWords/no/idiot.mp3
6025,pl,BadWords/pl/idiot.mp3
6025,pt,BadWords/pt/idiot.mp3
6025,ro,BadWords/ro/idiot.mp3
6025,ru,BadWords/ru/idiot.mp3
6025,sk,BadWords/sk/idiot.mp3
6025,sl,BadWords/sl/idiot.mp3
6025,sv,BadWords/sv/idiot.mp3
6025,ta,BadWords/ta/idiot.mp3
6025,te,BadWords/te/idiot.mp3
6025,th,BadWords/th/idiot.mp3
6025,tr,BadWords/tr/idiot.mp3
6025,uk,BadWords/uk/idiot.mp3
6025,ur,BadWords/ur/idiot.mp3
6025,vi,BadWords/vi/idiot.mp3
6025,zh,BadWords/zh/idiot.mp3
6026,en,BadWords/en/stupid.mp3
6026,ar,BadWords/ar/stupid.mp3
6026,bg,BadWords/bg/stupid.mp3
6026,bn,BadWords/bn/stupid.mp3
6026,ca,BadWords/ca/stupid.mp3
6026,cs,BadWords/cs/stupid.mp3
6026,da,BadWords/da/stupid.mp3
6026,de,BadWords/de/stupid.mp3
6026,el,BadWords/el/stupid.mp3
6026,es,BadWords/es/stupid.mp3
6026,et,BadWords/et/stupid.mp3
6026,eu,BadWords/eu/stupid.mp3
6026,fi,BadWords/fi/stupid.mp3
6026,fr,BadWords/fr/stupid.mp3
6026,gu,BadWords/gu/stupid.mp3
6026,he,BadWords/he/stupid.mp3
6026,hi,BadWords/hi/stupid.mp3
6026,hr,BadWords/hr/stupid.mp3
6026,hu,BadWords/hu/stupid.mp3
6026,id,BadWords/id/stupid.mp3
6026,is,BadWords/is/stupid.mp3
6026,it,BadWords/it/stupid.mp3
6026,ja,BadWords/ja/stupid.mp3
6026,ko,BadWords/ko/stupid.mp3
6026,lt,BadWords/lt/stupid.mp3
6026,lv,BadWords/lv/stupid.mp3
6026,ml,BadWords/ml/stupid.mp3
6026,mr,BadWords/mr/stupid.mp3
6026,nl,BadWords/nl/stupid.mp3
6026,no,BadWords/no/stupid.mp3
6026,pl,BadWords/pl/stupid.mp3
6026,pt,BadWords/pt/stupid.mp3
6026,ro,BadWords/ro/stupid.mp3
6026,ru,BadWords/ru/stupid.mp3
6026,sk,BadWords/sk/stupid.mp3
6026,sl,BadWords/sl/stupid.mp3
6026,sv,BadWords/sv/stupid.mp3
6026,ta,BadWords/ta/stupid.mp3
6026,te,BadWords/te/stupid.mp3
6026,th,BadWords/th/stupid.mp3
6026,tr,BadWords/tr/stupid.mp3
6026,uk,BadWords/uk/stupid.mp3
6026,ur,BadWords/ur/stupid.mp3
6026,vi,BadWords/vi/stupid.mp3
6026,zh,BadWords/zh/stupid.mp3
6027,en,BadWords/en/dumb.mp3
6027,ar,BadWords/ar/dumb.mp3
6027,bg,BadWords/bg/dumb.mp3
6027,bn,BadWords/bn/dumb.mp3
6027,ca,BadWords/ca/dumb.mp3
6027,cs,BadWords/cs/dumb.mp3
6027,da,BadWords/da/dumb.mp3
6027,de,BadWords/de/dumb.mp3
6027,el,BadWords/el/dumb.mp3
6027,es,BadWords/es/dumb.mp3
6027,et,BadWords/et/dumb.mp3
6027,eu,BadWords/eu/dumb.mp3
6027,fi,BadWords/fi/dumb.mp3
6027,fr,BadWords/fr/dumb.mp3
6027,gu,BadWords/gu/dumb.mp3
6027,he,BadWords/he/dumb.mp3
6027,hi,BadWords/hi/dumb.mp3
6027,hr,BadWords/hr/dumb.mp3
6027,hu,BadWords/hu/dumb.mp3
6027,id,BadWords/id/dumb.mp3
6027,is,BadWords/is/dumb.mp3
6027,it,BadWords/it/dumb.mp3
6027,ja,BadWords/ja/dumb.mp3
6027,ko,BadWords/ko/dumb.mp3
6027,lt,BadWords/lt/dumb.mp3
6027,lv,BadWords/lv/dumb.mp3
6027,ml,BadWords/ml/dumb.mp3
6027,mr,BadWords/mr/dumb.mp3
6027,nl,BadWords/nl/dumb.mp3
6027,no,BadWords/no/dumb.mp3
6027,pl,BadWords/pl/dumb.mp3
6027,pt,BadWords/pt/dumb.mp3
6027,ro,BadWords/ro/dumb.mp3
6027,ru,BadWords/ru/dumb.mp3
6027,sk,BadWords/sk/dumb.mp3
6027,sl,BadWords/sl/dumb.mp3
6027,sv,BadWords/sv/dumb.mp3
6027,ta,BadWords/ta/dumb.mp3
6027,te,BadWords/te/dumb.mp3
6027,th,BadWords/th/dumb.mp3
6027,tr,BadWords/tr/dumb.mp3
6027,uk,BadWords/uk/dumb.mp3
6027,ur,BadWords/ur/dumb.mp3
6027,vi,BadWords/vi/dumb.mp3
6027,zh,BadWords/zh/dumb.mp3
6029,en,BadWords/en/loser.mp3
6029,ar,BadWords/ar/loser.mp3
6029,bg,BadWords/bg/loser.mp3
6029,bn,BadWords/bn/loser.mp3
6029,ca,BadWords/ca/loser.mp3
6029,cs,BadWords/cs/loser.mp3
6029,da,BadWords/da/loser.mp3
6029,de,BadWords/de/loser.mp3
6029,el,BadWords/el/loser.mp3
6029,es,BadWords/es/loser.mp3
6029,et,BadWords/et/loser.mp3
6029,eu,BadWords/eu/loser.mp3
6029,fi,BadWords/fi/loser.mp3
6029,fr,BadWords/fr/loser.mp3
6029,gu,BadWords/gu/loser.mp3
6029,he,BadWords/he/loser.mp3
6029,hi,BadWords/hi/loser.mp3
6029,hr,BadWords/hr/loser.mp3
6029,hu,BadWords/hu/loser.mp3
6029,id,BadWords/id/loser.mp3
6029,is,BadWords/is/loser.mp3
6029,it,BadWords/it/loser.mp3
6029,ja,BadWords/ja/loser.mp3
6029,ko,BadWords/ko/loser.mp3
6029,lt,BadWords/lt/loser.mp3
6029,lv,BadWords/lv/loser.mp3
6029,ml,BadWords/ml/loser.mp3
6029,mr,BadWords/mr/loser.mp3
6029,nl,BadWords/nl/loser.mp3
6029,no,BadWords/no/loser.mp3
6029,pl,BadWords/pl/loser.mp3
6029,pt,BadWords/pt/loser.mp3
6029,ro,BadWords/ro/loser.mp3
6029,ru,BadWords/ru/loser.mp3
6029,sk,BadWords/sk/loser.mp3
6029,sl,BadWords/sl/loser.mp3
6029,sv,BadWords/sv/loser.mp3
6029,ta,BadWords/ta/loser.mp3
6029,te,BadWords/te/loser.mp3
6029,th,BadWords/th/loser.mp3
6029,tr,BadWords/tr/loser.mp3
6029,uk,BadWords/uk/loser.mp3
6029,ur,BadWords/ur/loser.mp3
6029,vi,BadWords/vi/loser.mp3
6029,zh,BadWords/zh/loser.mp3
6030,en,BadWords/en/shut_up.mp3
6030,ar,BadWords/ar/shut_up.mp3
6030,bg,BadWords/bg/shut_up.mp3
6030,bn,BadWords/bn/shut_up.mp3
6030,ca,BadWords/ca/shut_up.mp3
6030,cs,BadWords/cs/shut_up.mp3
6030,da,BadWords/da/shut_up.mp3
6030,de,BadWords/de/shut_up.mp3
6030,el,BadWords/el/shut_up.mp3
6030,es,BadWords/es/shut_up.mp3
6030,et,BadWords/et/shut_up.mp3
6030,eu,BadWords/eu/shut_up.mp3
6030,fi,BadWords/fi/shut_up.mp3
6030,fr,BadWords/fr/shut_up.mp3
6030,gu,BadWords/gu/shut_up.mp3
6030,he,BadWords/he/shut_up.mp3
6030,hi,BadWords/hi/shut_up.mp3
6030,hr,BadWords/hr/shut_up.mp3
6030,hu,BadWords/hu/shut_up.mp3
6030,id,BadWords/id/shut_up.mp3
6030,is,BadWords/is/shut_up.mp3
6030,it,BadWords/it/shut_up.mp3
6030,ja,BadWords/ja/shut_up.mp3
6030,ko,BadWords/ko/shut_up.mp3
6030,lt,BadWords/lt/shut_up.mp3
6030,lv,BadWords/lv/shut_up.mp3
6030,ml,BadWords/ml/shut_up.mp3
6030,mr,BadWords/mr/shut_up.mp3
6030,nl,BadWords/nl/shut_up.mp3
6030,no,BadWords/no/shut_up.mp3
6030,pl,BadWords/pl/shut_up.mp3
6030,pt,BadWords/pt/shut_up.mp3
6030,ro,BadWords/ro/shut_up.mp3
6030,ru,BadWords/ru/shut_up.mp3
6030,sk,BadWords/sk/shut_up.mp3
6030,sl,BadWords/sl/shut_up.mp3
6030,sv,BadWords/sv/shut_up.mp3
6030,ta,BadWords/ta/shut_up.mp3
6030,te,BadWords/te/shut_up.mp3
6030,th,BadWords/th/shut_up.mp3
6030,tr,BadWords/tr/shut_up.mp3
6030,uk,BadWords/uk/shut_up.mp3
6030,ur,BadWords/ur/shut_up.mp3
6030,vi,BadWords/vi/shut_up.mp3
6030,zh,BadWords/zh/shut_up.mp3
6031,en,BadWords/en/ass.mp3
6031,ar,BadWords/ar/ass.mp3
6031,bg,BadWords/bg/ass.mp3
6031,bn,BadWords/bn/ass.mp3
6031,ca,BadWords/ca/ass.mp3
6031,cs,BadWords/cs/ass.mp3
6031,da,BadWords/da/ass.mp3
6031,de,BadWords/de/ass.mp3
6031,el,BadWords/el/ass.mp3
6031,es,BadWords/es/ass.mp3
6031,et,BadWords/et/ass.mp3
6031,eu,BadWords/eu/ass.mp3
6031,fi,BadWords/fi/ass.mp3
6031,fr,BadWords/fr/ass.mp3
6031,gu,BadWords/gu/ass.mp3
6031,he,BadWords/he/ass.mp3
6031,hi,BadWords/hi/ass.mp3
6031,hr,BadWords/hr/ass.mp3
6031,hu,BadWords/hu/ass.mp3
6031,id,BadWords/id/ass.mp3
6031,is,BadWords/is/ass.mp3
6031,it,BadWords/it/ass.mp3
6031,ja,BadWords/ja/ass.mp3
6031,ko,BadWords/ko/ass.mp3
6031,lt,BadWords/lt/ass.mp3
6031,lv,BadWords/lv/ass.mp3
6031,ml,BadWords/ml/ass.mp3
6031,mr,BadWords/mr/ass.mp3
6031,nl,BadWords/nl/ass.mp3
6031,no,BadWords/no/ass.mp3
6031,pl,BadWords/pl/ass.mp3
6031,pt,BadWords/pt/ass.mp3
6031,ro,BadWords/ro/ass.mp3
6031,ru,BadWords/ru/ass.mp3
6031,sk,BadWords/sk/ass.mp3
6031,sl,BadWords/sl/ass.mp3
6031,sv,BadWords/sv/ass.mp3
6031,ta,BadWords/ta/ass.mp3
6031,te,BadWords/te/ass.mp3
6031,th,BadWords/th/ass.mp3
6031,tr,BadWords/tr/ass.mp3
6031,uk,BadWords/uk/ass.mp3
6031,ur,BadWords/ur/ass.mp3
6031,vi,BadWords/vi/ass.mp3
6031,zh,BadWords/zh/ass.mp3
6032,en,BadWords/en/asshole.mp3
6032,ar,BadWords/ar/asshole.mp3
6032,bg,BadWords/bg/asshole.mp3
6032,bn,BadWords/bn/asshole.mp3
6032,ca,BadWords/ca/asshole.mp3
6032,cs,BadWords/cs/asshole.mp3
6032,da,BadWords/da/asshole.mp3
6032,de,BadWords/de/asshole.mp3
6032,el,BadWords/el/asshole.mp3
6032,es,BadWords/es/asshole.mp3
6032,et,BadWords/et/asshole.mp3
6032,eu,BadWords/eu/asshole.mp3
6032,fi,BadWords/fi/asshole.mp3
6032,fr,BadWords/fr/asshole.mp3
6032,gu,BadWords/gu/asshole.mp3
6032,he,BadWords/he/asshole.mp3
6032,hi,BadWords/hi/asshole.mp3
6032,hr,BadWords/hr/asshole.mp3
6032,hu,BadWords/hu/asshole.mp3
6032,id,BadWords/id/asshole.mp3
6032,is,BadWords/is/asshole.mp3
6032,it,BadWords/it/asshole.mp3
6032,ja,BadWords/ja/asshole.mp3
6032,ko,BadWords/ko/asshole.mp3
6032,lt,BadWords/lt/asshole.mp3
6032,lv,BadWords/lv/asshole.mp3
6032,ml,BadWords/ml/asshole.mp3
6032,mr,BadWords/mr/asshole.mp3
6032,nl,BadWords/nl/asshole.mp3
6032,no,BadWords/no/asshole.mp3
6032,pl,BadWords/pl/asshole.mp3
6032,pt,BadWords/pt/asshole.mp3
6032,ro,BadWords/ro/asshole.mp3
6032,ru,BadWords/ru/asshole.mp3
6032,sk,BadWords/sk/asshole.mp3
6032,sl,BadWords/sl/asshole.mp3
6032,sv,BadWords/sv/asshole.mp3
6032,ta,BadWords/ta/asshole.mp3
6032,te,BadWords/te/asshole.mp3
6032,th,BadWords/th/asshole.mp3
6032,tr,BadWords/tr/asshole.mp3
6032,uk,BadWords/uk/asshole.mp3
6032,ur,BadWords/ur/asshole.mp3
6032,vi,BadWords/vi/asshole.mp3
6032,zh,BadWords/zh/asshole.mp3
6033,en,BadWords/en/bastard.mp3
6033,ar,BadWords/ar/bastard.mp3
6033,bg,BadWords/bg/bastard.mp3
6033,bn,BadWords/bn/bastard.mp3
6033,ca,BadWords/ca/bastard.mp3
6033,cs,BadWords/cs/bastard.mp3
6033,da,BadWords/da/bastard.mp3
6033,de,BadWords/de/bastard.mp3
6033,el,BadWords/el/bastard.mp3
6033,es,BadWords/es/bastard.mp3
6033,et,BadWords/et/bastard.mp3
6033,eu,BadWords/eu/bastard.mp3
6033,fi,BadWords/fi/bastard.mp3
6033,fr,BadWords/fr/bastard.mp3
6033,gu,BadWords/gu/bastard.mp3
6033,he,BadWords/he/bastard.mp3
6033,hi,BadWords/hi/bastard.mp3
6033,hr,BadWords/hr/bastard.mp3
6033,hu,BadWords/hu/bastard.mp3
6033,id,BadWords/id/bastard.mp3
6033,is,BadWords/is/bastard.mp3
6033,it,BadWords/it/bastard.mp3
6033,ja,BadWords/ja/bastard.mp3
6033,ko,BadWords/ko/bastard.mp3
6033,lt,BadWords/lt/bastard.mp3
6033,lv,BadWords/lv/bastard.mp3
6033,ml,BadWords/ml/bastard.mp3
6033,mr,BadWords/mr/bastard.mp3
6033,nl,BadWords/nl/bastard.mp3
6033,no,BadWords/no/bastard.mp3
6033,pl,BadWords/pl/bastard.mp3
6033,pt,BadWords/pt/bastard.mp3
6033,ro,BadWords/ro/bastard.mp3
6033,ru,BadWords/ru/bastard.mp3
6033,sk,BadWords/sk/bastard.mp3
6033,sl,BadWords/sl/bastard.mp3
6033,sv,BadWords/sv/bastard.mp3
6033,ta,BadWords/ta/bastard.mp3
6033,te,BadWords/te/bastard.mp3
6033,th,BadWords/th/bastard.mp3
6033,tr,BadWords/tr/bastard.mp3
6033,uk,BadWords/uk/bastard.mp3
6033,ur,BadWords/ur/bastard.mp3
6033,vi,BadWords/vi/bastard.mp3
6033,zh,BadWords/zh/bastard.mp3
6035,en,BadWords/en/bullshit.mp3
6035,ar,BadWords/ar/bullshit.mp3
6035,bg,BadWords/bg/bullshit.mp3
6035,bn,BadWords/bn/bullshit.mp3
6035,ca,BadWords/ca/bullshit.mp3
6035,cs,BadWords/cs/bullshit.mp3
6035,da,BadWords/da/bullshit.mp3
6035,de,BadWords/de/bullshit.mp3
6035,el,BadWords/el/bullshit.mp3
6035,es,BadWords/es/bullshit.mp3
6035,et,BadWords/et/bullshit.mp3
6035,eu,BadWords/eu/bullshit.mp3
6035,fi,BadWords/fi/bullshit.mp3
6035,fr,BadWords/fr/bullshit.mp3
6035,gu,BadWords/gu/bullshit.mp3
6035,he,BadWords/he/bullshit.mp3
6035,hi,BadWords/hi/bullshit.mp3
6035,hr,BadWords/hr/bullshit.mp3
6035,hu,BadWords/hu/bullshit.mp3
6035,id,BadWords/id/bullshit.mp3
6035,is,BadWords/is/bullshit.mp3
6035,it,BadWords/it/bullshit.mp3
6035,ja,BadWords/ja/bullshit.mp3
6035,ko,BadWords/ko/bullshit.mp3
6035,lt,BadWords/lt/bullshit.mp3
6035,lv,BadWords/lv/bullshit.mp3
6035,ml,BadWords/ml/bullshit.mp3
6035,mr,BadWords/mr/bullshit.mp3
6035,nl,BadWords/nl/bullshit.mp3
6035,no,BadWords/no/bullshit.mp3
6035,pl,BadWords/pl/bullshit.mp3
6035,pt,BadWords/pt/bullshit.mp3
6035,ro,BadWords/ro/bullshit.mp3
6035,ru,BadWords/ru/bullshit.mp3
6035,sk,BadWords/sk/bullshit.mp3
6035,sl,BadWords/sl/bullshit.mp3
6035,sv,BadWords/sv/bullshit.mp3
6035,ta,BadWords/ta/bullshit.mp3
6035,te,BadWords/te/bullshit.mp3
6035,th,BadWords/th/bullshit.mp3
6035,tr,BadWords/tr/bullshit.mp3
6035,uk,BadWords/uk/bullshit.mp3
6035,ur,BadWords/ur/bullshit.mp3
6035,vi,BadWords/vi/bullshit.mp3
6035,zh,BadWords/zh/bullshit.mp3
6036,en,BadWords/en/piss.mp3
6036,ar,BadWords/ar/piss.mp3
6036,bg,BadWords/bg/piss.mp3
6036,bn,BadWords/bn/piss.mp3
6036,ca,BadWords/ca/piss.mp3
6036,cs,BadWords/cs/piss.mp3
6036,da,BadWords/da/piss.mp3
6036,de,BadWords/de/piss.mp3
6036,el,BadWords/el/piss.mp3
6036,es,BadWords/es/piss.mp3
6036,et,BadWords/et/piss.mp3
6036,eu,BadWords/eu/piss.mp3
6036,fi,BadWords/fi/piss.mp3
6036,fr,BadWords/fr/piss.mp3
6036,gu,BadWords/gu/piss.mp3
6036,he,BadWords/he/piss.mp3
6036,hi,BadWords/hi/piss.mp3
6036,hr,BadWords/hr/piss.mp3
6036,hu,BadWords/hu/piss.mp3
6036,id,BadWords/id/piss.mp3
6036,is,BadWords/is/piss.mp3
6036,it,BadWords/it/piss.mp3
6036,ja,BadWords/ja/piss.mp3
6036,ko,BadWords/ko/piss.mp3
6036,lt,BadWords/lt/piss.mp3
6036,lv,BadWords/lv/piss.mp3
6036,ml,BadWords/ml/piss.mp3
6036,mr,BadWords/mr/piss.mp3
6036,nl,BadWords/nl/piss.mp3
6036,no,BadWords/no/piss.mp3
6036,pl,BadWords/pl/piss.mp3
6036,pt,BadWords/pt/piss.mp3
6036,ro,BadWords/ro/piss.mp3
6036,ru,BadWords/ru/piss.mp3
6036,sk,BadWords/sk/piss.mp3
6036,sl,BadWords/sl/piss.mp3
6036,sv,BadWords/sv/piss.mp3
6036,ta,BadWords/ta/piss.mp3
6036,te,BadWords/te/piss.mp3
6036,th,BadWords/th/piss.mp3
6036,tr,BadWords/tr/piss.mp3
6036,uk,BadWords/uk/piss.mp3
6036,ur,BadWords/ur/piss.mp3
6036,vi,BadWords/vi/piss.mp3
6036,zh,BadWords/zh/piss.mp3
6038,en,BadWords/en/screw.mp3
6038,ar,BadWords/ar/screw.mp3
6038,bg,BadWords/bg/screw.mp3
6038,bn,BadWords/bn/screw.mp3
6038,ca,BadWords/ca/screw.mp3
6038,cs,BadWords/cs/screw.mp3
6038,da,BadWords/da/screw.mp3
6038,de,BadWords/de/screw.mp3
6038,el,BadWords/el/screw.mp3
6038,es,BadWords/es/screw.mp3
6038,et,BadWords/et/screw.mp3
6038,eu,BadWords/eu/screw.mp3
6038,fi,BadWords/fi/screw.mp3
6038,fr,BadWords/fr/screw.mp3
6038,gu,BadWords/gu/screw.mp3
6038,he,BadWords/he/screw.mp3
6038,hi,BadWords/hi/screw.mp3
6038,hr,BadWords/hr/screw.mp3
6038,hu,BadWords/hu/screw.mp3
6038,id,BadWords/id/screw.mp3
6038,is,BadWords/is/screw.mp3
6038,it,BadWords/it/screw.mp3
6038,ja,BadWords/ja/screw.mp3
6038,ko,BadWords/ko/screw.mp3
6038,lt,BadWords/lt/screw.mp3
6038,lv,BadWords/lv/screw.mp3
6038,ml,BadWords/ml/screw.mp3
6038,mr,BadWords/mr/screw.mp3
6038,nl,BadWords/nl/screw.mp3
6038,no,BadWords/no/screw.mp3
6038,pl,BadWords/pl/screw.mp3
6038,pt,BadWords/pt/screw.mp3
6038,ro,BadWords/ro/screw.mp3
6038,ru,BadWords/ru/screw.mp3
6038,sk,BadWords/sk/screw.mp3
6038,sl,BadWords/sl/screw.mp3
6038,sv,BadWords/sv/screw.mp3
6038,ta,BadWords/ta/screw.mp3
6038,te,BadWords/te/screw.mp3
6038,th,BadWords/th/screw.mp3
6038,tr,BadWords/tr/screw.mp3
6038,uk,BadWords/uk/screw.mp3
6038,ur,BadWords/ur/screw.mp3
6038,vi,BadWords/vi/screw.mp3
6038,zh,BadWords/zh/screw.mp3
6039,en,BadWords/en/screwed.mp3
6039,ar,BadWords/ar/screwed.mp3
6039,bg,BadWords/bg/screwed.mp3
6039,bn,BadWords/bn/screwed.mp3
6039,ca,BadWords/ca/screwed.mp3
6039,cs,BadWords/cs/screwed.mp3
6039,da,BadWords/da/screwed.mp3
6039,de,BadWords/de/screwed.mp3
6039,el,BadWords/el/screwed.mp3
6039,es,BadWords/es/screwed.mp3
6039,et,BadWords/et/screwed.mp3
6039,eu,BadWords/eu/screwed.mp3
6039,fi,BadWords/fi/screwed.mp3
6039,fr,BadWords/fr/screwed.mp3
6039,gu,BadWords/gu/screwed.mp3
6039,he,BadWords/he/screwed.mp3
6039,hi,BadWords/hi/screwed.mp3
6039,hr,BadWords/hr/screwed.mp3
6039,hu,BadWords/hu/screwed.mp3
6039,id,BadWords/id/screwed.mp3
6039,is,BadWords/is/screwed.mp3
6039,it,BadWords/it/screwed.mp3
6039,ja,BadWords/ja/screwed.mp3
6039,ko,BadWords/ko/screwed.mp3
6039,lt,BadWords/lt/screwed.mp3
6039,lv,BadWords/lv/screwed.mp3
6039,ml,BadWords/ml/screwed.mp3
6039,mr,BadWords/mr/screwed.mp3
6039,nl,BadWords/nl/screwed.mp3
6039,no,BadWords/no/screwed.mp3
6039,pl,BadWords/pl/screwed.mp3
6039,pt,BadWords/pt/screwed.mp3
6039,ro,BadWords/ro/screwed.mp3
6039,ru,BadWords/ru/screwed.mp3
6039,sk,BadWords/sk/screwed.mp3
6039,sl,BadWords/sl/screwed.mp3
6039,sv,BadWords/sv/screwed.mp3
6039,ta,BadWords/ta/screwed.mp3
6039,te,BadWords/te/screwed.mp3
6039,th,BadWords/th/screwed.mp3
6039,tr,BadWords/tr/screwed.mp3
6039,uk,BadWords/uk/screwed.mp3
6039,ur,BadWords/ur/screwed.mp3
6039,vi,BadWords/vi/screwed.mp3
6039,zh,BadWords/zh/screwed.mp3
6040,en,BadWords/en/sucks.mp3
6040,ar,BadWords/ar/sucks.mp3
6040,bg,BadWords/bg/sucks.mp3
6040,bn,BadWords/bn/sucks.mp3
6040,ca,BadWords/ca/sucks.mp3
6040,cs,BadWords/cs/sucks.mp3
6040,da,BadWords/da/sucks.mp3
6040,de,BadWords/de/sucks.mp3
6040,el,BadWords/el/sucks.mp3
6040,es,BadWords/es/sucks.mp3
6040,et,BadWords/et/sucks.mp3
6040,eu,BadWords/eu/sucks.mp3
6040,fi,BadWords/fi/sucks.mp3
6040,fr,BadWords/fr/sucks.mp3
6040,gu,BadWords/gu/sucks.mp3
6040,he,BadWords/he/sucks.mp3
6040,hi,BadWords/hi/sucks.mp3
6040,hr,BadWords/hr/sucks.mp3
6040,hu,BadWords/hu/sucks.mp3
6040,id,BadWords/id/sucks.mp3
6040,is,BadWords/is/sucks.mp3
6040,it,BadWords/it/sucks.mp3
6040,ja,BadWords/ja/sucks.mp3
6040,ko,BadWords/ko/sucks.mp3
6040,lt,BadWords/lt/sucks.mp3
6040,lv,BadWords/lv/sucks.mp3
6040,ml,BadWords/ml/sucks.mp3
6040,mr,BadWords/mr/sucks.mp3
6040,nl,BadWords/nl/sucks.mp3
6040,no,BadWords/no/sucks.mp3
6040,pl,BadWords/pl/sucks.mp3
6040,pt,BadWords/pt/sucks.mp3
6040,ro,BadWords/ro/sucks.mp3
6040,ru,BadWords/ru/sucks.mp3
6040,sk,BadWords/sk/sucks.mp3
6040,sl,BadWords/sl/sucks.mp3
6040,sv,BadWords/sv/sucks.mp3
6040,ta,BadWords/ta/sucks.mp3
6040,te,BadWords/te/sucks.mp3
6040,th,BadWords/th/sucks.mp3
6040,tr,BadWords/tr/sucks.mp3
6040,uk,BadWords/uk/sucks.mp3
6040,ur,BadWords/ur/sucks.mp3
6040,vi,BadWords/vi/sucks.mp3
6040,zh,BadWords/zh/sucks.mp3
6041,en,BadWords/en/shit.mp3
6041,ar,BadWords/ar/shit.mp3
6041,bg,BadWords/bg/shit.mp3
6041,bn,BadWords/bn/shit.mp3
6041,ca,BadWords/ca/shit.mp3
6041,cs,BadWords/cs/shit.mp3
6041,da,BadWords/da/shit.mp3
6041,de,BadWords/de/shit.mp3
6041,el,BadWords/el/shit.mp3
6041,es,BadWords/es/shit.mp3
6041,et,BadWords/et/shit.mp3
6041,eu,BadWords/eu/shit.mp3
6041,fi,BadWords/fi/shit.mp3
6041,fr,BadWords/fr/shit.mp3
6041,gu,BadWords/gu/shit.mp3
6041,he,BadWords/he/shit.mp3
6041,hi,BadWords/hi/shit.mp3
6041,hr,BadWords/hr/shit.mp3
6041,hu,BadWords/hu/shit.mp3
6041,id,BadWords/id/shit.mp3
6041,is,BadWords/is/shit.mp3
6041,it,BadWords/it/shit.mp3
6041,ja,BadWords/ja/shit.mp3
6041,ko,BadWords/ko/shit.mp3
6041,lt,BadWords/lt/shit.mp3
6041,lv,BadWords/lv/shit.mp3
6041,ml,BadWords/ml/shit.mp3
6041,mr,BadWords/mr/shit.mp3
6041,nl,BadWords/nl/shit.mp3
6041,no,BadWords/no/shit.mp3
6041,pl,BadWords/pl/shit.mp3
6041,pt,BadWords/pt/shit.mp3
6041,ro,BadWords/ro/shit.mp3
6041,ru,BadWords/ru/shit.mp3
6041,sk,BadWords/sk/shit.mp3
6041,sl,BadWords/sl/shit.mp3
6041,sv,BadWords/sv/shit.mp3
6041,ta,BadWords/ta/shit.mp3
6041,te,BadWords/te/shit.mp3
6041,th,BadWords/th/shit.mp3
6041,tr,BadWords/tr/shit.mp3
6041,uk,BadWords/uk/shit.mp3
6041,ur,BadWords/ur/shit.mp3
6041,vi,BadWords/vi/shit.mp3
6041,zh,BadWords/zh/shit.mp3
6042,en,BadWords/en/shitty.mp3
6042,ar,BadWords/ar/shitty.mp3
6042,bg,BadWords/bg/shitty.mp3
6042,bn,BadWords/bn/shitty.mp3
6042,ca,BadWords/ca/shitty.mp3
6042,cs,BadWords/cs/shitty.mp3
6042,da,BadWords/da/shitty.mp3
6042,de,BadWords/de/shitty.mp3
6042,el,BadWords/el/shitty.mp3
6042,es,BadWords/es/shitty.mp3
6042,et,BadWords/et/shitty.mp3
6042,eu,BadWords/eu/shitty.mp3
6042,fi,BadWords/fi/shitty.mp3
6042,fr,BadWords/fr/shitty.mp3
6042,gu,BadWords/gu/shitty.mp3
6042,he,BadWords/he/shitty.mp3
6042,hi,BadWords/hi/shitty.mp3
6042,hr,BadWords/hr/shitty.mp3
6042,hu,BadWords/hu/shitty.mp3
6042,id,BadWords/id/shitty.mp3
6042,is,BadWords/is/shitty.mp3
6042,it,BadWords/it/shitty.mp3
6042,ja,BadWords/ja/shitty.mp3
6042,ko,BadWords/ko/shitty.mp3
6042,lt,BadWords/lt/shitty.mp3
6042,lv,BadWords/lv/shitty.mp3
6042,ml,BadWords/ml/shitty.mp3
6042,mr,BadWords/mr/shitty.mp3
6042,nl,BadWords/nl/shitty.mp3
6042,no,BadWords/no/shitty.mp3
6042,pl,BadWords/pl/shitty.mp3
6042,pt,BadWords/pt/shitty.mp3
6042,ro,BadWords/ro/shitty.mp3
6042,ru,BadWords/ru/shitty.mp3
6042,sk,BadWords/sk/shitty.mp3
6042,sl,BadWords/sl/shitty.mp3
6042,sv,BadWords/sv/shitty.mp3
6042,ta,BadWords/ta/shitty.mp3
6042,te,BadWords/te/shitty.mp3
6042,th,BadWords/th/shitty.mp3
6042,tr,BadWords/tr/shitty.mp3
6042,uk,BadWords/uk/shitty.mp3
6042,ur,BadWords/ur/shitty.mp3
6042,vi,BadWords/vi/shitty.mp3
6042,zh,BadWords/zh/shitty.mp3
6043,en,BadWords/en/fuck.mp3
6043,ar,BadWords/ar/fuck.mp3
6043,bg,BadWords/bg/fuck.mp3
6043,bn,BadWords/bn/fuck.mp3
6043,ca,BadWords/ca/fuck.mp3
6043,cs,BadWords/cs/fuck.mp3
6043,da,BadWords/da/fuck.mp3
6043,de,BadWords/de/fuck.mp3
6043,el,BadWords/el/fuck.mp3
6043,es,BadWords/es/fuck.mp3
6043,et,BadWords/et/fuck.mp3
6043,eu,BadWords/eu/fuck.mp3
6043,fi,BadWords/fi/fuck.mp3
6043,fr,BadWords/fr/fuck.mp3
6043,gu,BadWords/gu/fuck.mp3
6043,he,BadWords/he/fuck.mp3
6043,hi,BadWords/hi/fuck.mp3
6043,hr,BadWords/hr/fuck.mp3
6043,hu,BadWords/hu/fuck.mp3
6043,id,BadWords/id/fuck.mp3
6043,is,BadWords/is/fuck.mp3
6043,it,BadWords/it/fuck.mp3
6043,ja,BadWords/ja/fuck.mp3
6043,ko,BadWords/ko/fuck.mp3
6043,lt,BadWords/lt/fuck.mp3
6043,lv,BadWords/lv/fuck.mp3
6043,ml,BadWords/ml/fuck.mp3
6043,mr,BadWords/mr/fuck.mp3
6043,nl,BadWords/nl/fuck.mp3
6043,no,BadWords/no/fuck.mp3
6043,pl,BadWords/pl/fuck.mp3
6043,pt,BadWords/pt/fuck.mp3
6043,ro,BadWords/ro/fuck.mp3
6043,ru,BadWords/ru/fuck.mp3
6043,sk,BadWords/sk/fuck.mp3
6043,sl,BadWords/sl/fuck.mp3
6043,sv,BadWords/sv/fuck.mp3
6043,ta,BadWords/ta/fuck.mp3
6043,te,BadWords/te/fuck.mp3
6043,th,BadWords/th/fuck.mp3
6043,tr,BadWords/tr/fuck.mp3
6043,uk,BadWords/uk/fuck.mp3
6043,ur,BadWords/ur/fuck.mp3
6043,vi,BadWords/vi/fuck.mp3
6043,zh,BadWords/zh/fuck.mp3
6044,en,BadWords/en/fucked.mp3
6044,ar,BadWords/ar/fucked.mp3
6044,bg,BadWords/bg/fucked.mp3
6044,bn,BadWords/bn/fucked.mp3
6044,ca,BadWords/ca/fucked.mp3
6044,cs,BadWords/cs/fucked.mp3
6044,da,BadWords/da/fucked.mp3
6044,de,BadWords/de/fucked.mp3
6044,el,BadWords/el/fucked.mp3
6044,es,BadWords/es/fucked.mp3
6044,et,BadWords/et/fucked.mp3
6044,eu,BadWords/eu/fucked.mp3
6044,fi,BadWords/fi/fucked.mp3
6044,fr,BadWords/fr/fucked.mp3
6044,gu,BadWords/gu/fucked.mp3
6044,he,BadWords/he/fucked.mp3
6044,hi,BadWords/hi/fucked.mp3
6044,hr,BadWords/hr/fucked.mp3
6044,hu,BadWords/hu/fucked.mp3
6044,id,BadWords/id/fucked.mp3
6044,is,BadWords/is/fucked.mp3
6044,it,BadWords/it/fucked.mp3
6044,ja,BadWords/ja/fucked.mp3
6044,ko,BadWords/ko/fucked.mp3
6044,lt,BadWords/lt/fucked.mp3
6044,lv,BadWords/lv/fucked.mp3
6044,ml,BadWords/ml/fucked.mp3
6044,mr,BadWords/mr/fucked.mp3
6044,nl,BadWords/nl/fucked.mp3
6044,no,BadWords/no/fucked.mp3
6044,pl,BadWords/pl/fucked.mp3
6044,pt,BadWords/pt/fucked.mp3
6044,ro,BadWords/ro/fucked.mp3
6044,ru,BadWords/ru/fucked.mp3
6044,sk,BadWords/sk/fucked.mp3
6044,sl,BadWords/sl/fucked.mp3
6044,sv,BadWords/sv/fucked.mp3
6044,ta,BadWords/ta/fucked.mp3
6044,te,BadWords/te/fucked.mp3
6044,th,BadWords/th/fucked.mp3
6044,tr,BadWords/tr/fucked.mp3
6044,uk,BadWords/uk/fucked.mp3
6044,ur,BadWords/ur/fucked.mp3
6044,vi,BadWords/vi/fucked.mp3
6044,zh,BadWords/zh/fucked.mp3
6045,en,BadWords/en/fucking.mp3
6045,ar,BadWords/ar/fucking.mp3
6045,bg,BadWords/bg/fucking.mp3
6045,bn,BadWords/bn/fucking.mp3
6045,ca,BadWords/ca/fucking.mp3
6045,cs,BadWords/cs/fucking.mp3
6045,da,BadWords/da/fucking.mp3
6045,de,BadWords/de/fucking.mp3
6045,el,BadWords/el/fucking.mp3
6045,es,BadWords/es/fucking.mp3
6045,et,BadWords/et/fucking.mp3
6045,eu,BadWords/eu/fucking.mp3
6045,fi,BadWords/fi/fucking.mp3
6045,fr,BadWords/fr/fucking.mp3
6045,gu,BadWords/gu/fucking.mp3
6045,he,BadWords/he/fucking.mp3
6045,hi,BadWords/hi/fucking.mp3
6045,hr,BadWords/hr/fucking.mp3
6045,hu,BadWords/hu/fucking.mp3
6045,id,BadWords/id/fucking.mp3
6045,is,BadWords/is/fucking.mp3
6045,it,BadWords/it/fucking.mp3
6045,ja,BadWords/ja/fucking.mp3
6045,ko,BadWords/ko/fucking.mp3
6045,lt,BadWords/lt/fucking.mp3
6045,lv,BadWords/lv/fucking.mp3
6045,ml,BadWords/ml/fucking.mp3
6045,mr,BadWords/mr/fucking.mp3
6045,nl,BadWords/nl/fucking.mp3
6045,no,BadWords/no/fucking.mp3
6045,pl,BadWords/pl/fucking.mp3
6045,pt,BadWords/pt/fucking.mp3
6045,ro,BadWords/ro/fucking.mp3
6045,ru,BadWords/ru/fucking.mp3
6045,sk,BadWords/sk/fucking.mp3
6045,sl,BadWords/sl/fucking.mp3
6045,sv,BadWords/sv/fucking.mp3
6045,ta,BadWords/ta/fucking.mp3
6045,te,BadWords/te/fucking.mp3
6045,th,BadWords/th/fucking.mp3
6045,tr,BadWords/tr/fucking.mp3
6045,uk,BadWords/uk/fucking.mp3
6045,ur,BadWords/ur/fucking.mp3
6045,vi,BadWords/vi/fucking.mp3
6045,zh,BadWords/zh/fucking.mp3
6046,en,BadWords/en/motherfucker.mp3
6046,ar,BadWords/ar/motherfucker.mp3
6046,bg,BadWords/bg/motherfucker.mp3
6046,bn,BadWords/bn/motherfucker.mp3
6046,ca,BadWords/ca/motherfucker.mp3
6046,cs,BadWords/cs/motherfucker.mp3
6046,da,BadWords/da/motherfucker.mp3
6046,de,BadWords/de/motherfucker.mp3
6046,el,BadWords/el/motherfucker.mp3
6046,es,BadWords/es/motherfucker.mp3
6046,et,BadWords/et/motherfucker.mp3
6046,eu,BadWords/eu/motherfucker.mp3
6046,fi,BadWords/fi/motherfucker.mp3
6046,fr,BadWords/fr/motherfucker.mp3
6046,gu,BadWords/gu/motherfucker.mp3
6046,he,BadWords/he/motherfucker.mp3
6046,hi,BadWords/hi/motherfucker.mp3
6046,hr,BadWords/hr/motherfucker.mp3
6046,hu,BadWords/hu/motherfucker.mp3
6046,id,BadWords/id/motherfucker.mp3
6046,is,BadWords/is/motherfucker.mp3
6046,it,BadWords/it/motherfucker.mp3
6046,ja,BadWords/ja/motherfucker.mp3
6046,ko,BadWords/ko/motherfucker.mp3
6046,lt,BadWords/lt/motherfucker.mp3
6046,lv,BadWords/lv/motherfucker.mp3
6046,ml,BadWords/ml/motherfucker.mp3
6046,mr,BadWords/mr/motherfucker.mp3
6046,nl,BadWords/nl/motherfucker.mp3
6046,no,BadWords/no/motherfucker.mp3
6046,pl,BadWords/pl/motherfucker.mp3
6046,pt,BadWords/pt/motherfucker.mp3
6046,ro,BadWords/ro/motherfucker.mp3
6046,ru,BadWords/ru/motherfucker.mp3
6046,sk,BadWords/sk/motherfucker.mp3
6046,sl,BadWords/sl/motherfucker.mp3
6046,sv,BadWords/sv/motherfucker.mp3
6046,ta,BadWords/ta/motherfucker.mp3
6046,te,BadWords/te/motherfucker.mp3
6046,th,BadWords/th/motherfucker.mp3
6046,tr,BadWords/tr/motherfucker.mp3
6046,uk,BadWords/uk/motherfucker.mp3
6046,ur,BadWords/ur/motherfucker.mp3
6046,vi,BadWords/vi/motherfucker.mp3
6046,zh,BadWords/zh/motherfucker.mp3
6047,en,BadWords/en/son_of_a_bitch.mp3
6047,ar,BadWords/ar/son_of_a_bitch.mp3
6047,bg,BadWords/bg/son_of_a_bitch.mp3
6047,bn,BadWords/bn/son_of_a_bitch.mp3
6047,ca,BadWords/ca/son_of_a_bitch.mp3
6047,cs,BadWords/cs/son_of_a_bitch.mp3
6047,da,BadWords/da/son_of_a_bitch.mp3
6047,de,BadWords/de/son_of_a_bitch.mp3
6047,el,BadWords/el/son_of_a_bitch.mp3
6047,es,BadWords/es/son_of_a_bitch.mp3
6047,et,BadWords/et/son_of_a_bitch.mp3
6047,eu,BadWords/eu/son_of_a_bitch.mp3
6047,fi,BadWords/fi/son_of_a_bitch.mp3
6047,fr,BadWords/fr/son_of_a_bitch.mp3
6047,gu,BadWords/gu/son_of_a_bitch.mp3
6047,he,BadWords/he/son_of_a_bitch.mp3
6047,hi,BadWords/hi/son_of_a_bitch.mp3
6047,hr,BadWords/hr/son_of_a_bitch.mp3
6047,hu,BadWords/hu/son_of_a_bitch.mp3
6047,id,BadWords/id/son_of_a_bitch.mp3
6047,is,BadWords/is/son_of_a_bitch.mp3
6047,it,BadWords/it/son_of_a_bitch.mp3
6047,ja,BadWords/ja/son_of_a_bitch.mp3
6047,ko,BadWords/ko/son_of_a_bitch.mp3
6047,lt,BadWords/lt/son_of_a_bitch.mp3
6047,lv,BadWords/lv/son_of_a_bitch.mp3
6047,ml,BadWords/ml/son_of_a_bitch.mp3
6047,mr,BadWords/mr/son_of_a_bitch.mp3
6047,nl,BadWords/nl/son_of_a_bitch.mp3
6047,no,BadWords/no/son_of_a_bitch.mp3
6047,pl,BadWords/pl/son_of_a_bitch.mp3
6047,pt,BadWords/pt/son_of_a_bitch.mp3
6047,ro,BadWords/ro/son_of_a_bitch.mp3
6047,ru,BadWords/ru/son_of_a_bitch.mp3
6047,sk,BadWords/sk/son_of_a_bitch.mp3
6047,sl,BadWords/sl/son_of_a_bitch.mp3
6047,sv,BadWords/sv/son_of_a_bitch.mp3
6047,ta,BadWords/ta/son_of_a_bitch.mp3
6047,te,BadWords/te/son_of_a_bitch.mp3
6047,th,BadWords/th/son_of_a_bitch.mp3
6047,tr,BadWords/tr/son_of_a_bitch.mp3
6047,uk,BadWords/uk/son_of_a_bitch.mp3
6047,ur,BadWords/ur/son_of_a_bitch.mp3
6047,vi,BadWords/vi/son_of_a_bitch.mp3
6047,zh,BadWords/zh/son_of_a_bitch.mp3
6048,en,BadWords/en/bitch.mp3
6048,ar,BadWords/ar/bitch.mp3
6048,bg,BadWords/bg/bitch.mp3
6048,bn,BadWords/bn/bitch.mp3
6048,ca,BadWords/ca/bitch.mp3
6048,cs,BadWords/cs/bitch.mp3
6048,da,BadWords/da/bitch.mp3
6048,de,BadWords/de/bitch.mp3
6048,el,BadWords/el/bitch.mp3
6048,es,BadWords/es/bitch.mp3
6048,et,BadWords/et/bitch.mp3
6048,eu,BadWords/eu/bitch.mp3
6048,fi,BadWords/fi/bitch.mp3
6048,fr,BadWords/fr/bitch.mp3
6048,gu,BadWords/gu/bitch.mp3
6048,he,BadWords/he/bitch.mp3
6048,hi,BadWords/hi/bitch.mp3
6048,hr,BadWords/hr/bitch.mp3
6048,hu,BadWords/hu/bitch.mp3
6048,id,BadWords/id/bitch.mp3
6048,is,BadWords/is/bitch.mp3
6048,it,BadWords/it/bitch.mp3
6048,ja,BadWords/ja/bitch.mp3
6048,ko,BadWords/ko/bitch.mp3
6048,lt,BadWords/lt/bitch.mp3
6048,lv,BadWords/lv/bitch.mp3
6048,ml,BadWords/ml/bitch.mp3
6048,mr,BadWords/mr/bitch.mp3
6048,nl,BadWords/nl/bitch.mp3
6048,no,BadWords/no/bitch.mp3
6048,pl,BadWords/pl/bitch.mp3
6048,pt,BadWords/pt/bitch.mp3
6048,ro,BadWords/ro/bitch.mp3
6048,ru,BadWords/ru/bitch.mp3
6048,sk,BadWords/sk/bitch.mp3
6048,sl,BadWords/sl/bitch.mp3
6048,sv,BadWords/sv/bitch.mp3
6048,ta,BadWords/ta/bitch.mp3
6048,te,BadWords/te/bitch.mp3
6048,th,BadWords/th/bitch.mp3
6048,tr,BadWords/tr/bitch.mp3
6048,uk,BadWords/uk/bitch.mp3
6048,ur,BadWords/ur/bitch.mp3
6048,vi,BadWords/vi/bitch.mp3
6048,zh,BadWords/zh/bitch.mp3
6049,en,BadWords/en/prick.mp3
6049,ar,BadWords/ar/prick.mp3
6049,bg,BadWords/bg/prick.mp3
6049,bn,BadWords/bn/prick.mp3
6049,ca,BadWords/ca/prick.mp3
6049,cs,BadWords/cs/prick.mp3
6049,da,BadWords/da/prick.mp3
6049,de,BadWords/de/prick.mp3
6049,el,BadWords/el/prick.mp3
6049,es,BadWords/es/prick.mp3
6049,et,BadWords/et/prick.mp3
6049,eu,BadWords/eu/prick.mp3
6049,fi,BadWords/fi/prick.mp3
6049,fr,BadWords/fr/prick.mp3
6049,gu,BadWords/gu/prick.mp3
6049,he,BadWords/he/prick.mp3
6049,hi,BadWords/hi/prick.mp3
6049,hr,BadWords/hr/prick.mp3
6049,hu,BadWords/hu/prick.mp3
6049,id,BadWords/id/prick.mp3
6049,is,BadWords/is/prick.mp3
6049,it,BadWords/it/prick.mp3
6049,ja,BadWords/ja/prick.mp3
6049,ko,BadWords/ko/prick.mp3
6049,lt,BadWords/lt/prick.mp3
6049,lv,BadWords/lv/prick.mp3
6049,ml,BadWords/ml/prick.mp3
6049,mr,BadWords/mr/prick.mp3
6049,nl,BadWords/nl/prick.mp3
6049,no,BadWords/no/prick.mp3
6049,pl,BadWords/pl/prick.mp3
6049,pt,BadWords/pt/prick.mp3
6049,ro,BadWords/ro/prick.mp3
6049,ru,BadWords/ru/prick.mp3
6049,sk,BadWords/sk/prick.mp3
6049,sl,BadWords/sl/prick.mp3
6049,sv,BadWords/sv/prick.mp3
6049,ta,BadWords/ta/prick.mp3
6049,te,BadWords/te/prick.mp3
6049,th,BadWords/th/prick.mp3
6049,tr,BadWords/tr/prick.mp3
6049,uk,BadWords/uk/prick.mp3
6049,ur,BadWords/ur/prick.mp3
6049,vi,BadWords/vi/prick.mp3
6049,zh,BadWords/zh/prick.mp3
6050,en,BadWords/en/dick.mp3
6050,ar,BadWords/ar/dick.mp3
6050,bg,BadWords/bg/dick.mp3
6050,bn,BadWords/bn/dick.mp3
6050,ca,BadWords/ca/dick.mp3
6050,cs,BadWords/cs/dick.mp3
6050,da,BadWords/da/dick.mp3
6050,de,BadWords/de/dick.mp3
6050,el,BadWords/el/dick.mp3
6050,es,BadWords/es/dick.mp3
6050,et,BadWords/et/dick.mp3
6050,eu,BadWords/eu/dick.mp3
6050,fi,BadWords/fi/dick.mp3
6050,fr,BadWords/fr/dick.mp3
6050,gu,BadWords/gu/dick.mp3
6050,he,BadWords/he/dick.mp3
6050,hi,BadWords/hi/dick.mp3
6050,hr,BadWords/hr/dick.mp3
6050,hu,BadWords/hu/dick.mp3
6050,id,BadWords/id/dick.mp3
6050,is,BadWords/is/dick.mp3
6050,it,BadWords/it/dick.mp3
6050,ja,BadWords/ja/dick.mp3
6050,ko,BadWords/ko/dick.mp3
6050,lt,BadWords/lt/dick.mp3
6050,lv,BadWords/lv/dick.mp3
6050,ml,BadWords/ml/dick.mp3
6050,mr,BadWords/mr/dick.mp3
6050,nl,BadWords/nl/dick.mp3
6050,no,BadWords/no/dick.mp3
6050,pl,BadWords/pl/dick.mp3
6050,pt,BadWords/pt/dick.mp3
6050,ro,BadWords/ro/dick.mp3
6050,ru,BadWords/ru/dick.mp3
6050,sk,BadWords/sk/dick.mp3
6050,sl,BadWords/sl/dick.mp3
6050,sv,BadWords/sv/dick.mp3
6050,ta,BadWords/ta/dick.mp3
6050,te,BadWords/te/dick.mp3
6050,th,BadWords/th/dick.mp3
6050,tr,BadWords/tr/dick.mp3
6050,uk,BadWords/uk/dick.mp3
6050,ur,BadWords/ur/dick.mp3
6050,vi,BadWords/vi/dick.mp3
6050,zh,BadWords/zh/dick.mp3
6051,en,BadWords/en/cock.mp3
6051,ar,BadWords/ar/cock.mp3
6051,bg,BadWords/bg/cock.mp3
6051,bn,BadWords/bn/cock.mp3
6051,ca,BadWords/ca/cock.mp3
6051,cs,BadWords/cs/cock.mp3
6051,da,BadWords/da/cock.mp3
6051,de,BadWords/de/cock.mp3
6051,el,BadWords/el/cock.mp3
6051,es,BadWords/es/cock.mp3
6051,et,BadWords/et/cock.mp3
6051,eu,BadWords/eu/cock.mp3
6051,fi,BadWords/fi/cock.mp3
6051,fr,BadWords/fr/cock.mp3
6051,gu,BadWords/gu/cock.mp3
6051,he,BadWords/he/cock.mp3
6051,hi,BadWords/hi/cock.mp3
6051,hr,BadWords/hr/cock.mp3
6051,hu,BadWords/hu/cock.mp3
6051,id,BadWords/id/cock.mp3
6051,is,BadWords/is/cock.mp3
6051,it,BadWords/it/cock.mp3
6051,ja,BadWords/ja/cock.mp3
6051,ko,BadWords/ko/cock.mp3
6051,lt,BadWords/lt/cock.mp3
6051,lv,BadWords/lv/cock.mp3
6051,ml,BadWords/ml/cock.mp3
6051,mr,BadWords/mr/cock.mp3
6051,nl,BadWords/nl/cock.mp3
6051,no,BadWords/no/cock.mp3
6051,pl,BadWords/pl/cock.mp3
6051,pt,BadWords/pt/cock.mp3
6051,ro,BadWords/ro/cock.mp3
6051,ru,BadWords/ru/cock.mp3
6051,sk,BadWords/sk/cock.mp3
6051,sl,BadWords/sl/cock.mp3
6051,sv,BadWords/sv/cock.mp3
6051,ta,BadWords/ta/cock.mp3
6051,te,BadWords/te/cock.mp3
6051,th,BadWords/th/cock.mp3
6051,tr,BadWords/tr/cock.mp3
6051,uk,BadWords/uk/cock.mp3
6051,ur,BadWords/ur/cock.mp3
6051,vi,BadWords/vi/cock.mp3
6051,zh,BadWords/zh/cock.mp3
6052,en,BadWords/en/pussy.mp3
6052,ar,BadWords/ar/pussy.mp3
6052,bg,BadWords/bg/pussy.mp3
6052,bn,BadWords/bn/pussy.mp3
6052,ca,BadWords/ca/pussy.mp3
6052,cs,BadWords/cs/pussy.mp3
6052,da,BadWords/da/pussy.mp3
6052,de,BadWords/de/pussy.mp3
6052,el,BadWords/el/pussy.mp3
6052,es,BadWords/es/pussy.mp3
6052,et,BadWords/et/pussy.mp3
6052,eu,BadWords/eu/pussy.mp3
6052,fi,BadWords/fi/pussy.mp3
6052,fr,BadWords/fr/pussy.mp3
6052,gu,BadWords/gu/pussy.mp3
6052,he,BadWords/he/pussy.mp3
6052,hi,BadWords/hi/pussy.mp3
6052,hr,BadWords/hr/pussy.mp3
6052,hu,BadWords/hu/pussy.mp3
6052,id,BadWords/id/pussy.mp3
6052,is,BadWords/is/pussy.mp3
6052,it,BadWords/it/pussy.mp3
6052,ja,BadWords/ja/pussy.mp3
6052,ko,BadWords/ko/pussy.mp3
6052,lt,BadWords/lt/pussy.mp3
6052,lv,BadWords/lv/pussy.mp3
6052,ml,BadWords/ml/pussy.mp3
6052,mr,BadWords/mr/pussy.mp3
6052,nl,BadWords/nl/pussy.mp3
6052,no,BadWords/no/pussy.mp3
6052,pl,BadWords/pl/pussy.mp3
6052,pt,BadWords/pt/pussy.mp3
6052,ro,BadWords/ro/pussy.mp3
6052,ru,BadWords/ru/pussy.mp3
6052,sk,BadWords/sk/pussy.mp3
6052,sl,BadWords/sl/pussy.mp3
6052,sv,BadWords/sv/pussy.mp3
6052,ta,BadWords/ta/pussy.mp3
6052,te,BadWords/te/pussy.mp3
6052,th,BadWords/th/pussy.mp3
6052,tr,BadWords/tr/pussy.mp3
6052,uk,BadWords/uk/pussy.mp3
6052,ur,BadWords/ur/pussy.mp3
6052,vi,BadWords/vi/pussy.mp3
6052,zh,BadWords/zh/pussy.mp3
6053,en,BadWords/en/slut.mp3
6053,ar,BadWords/ar/slut.mp3
6053,bg,BadWords/bg/slut.mp3
6053,bn,BadWords/bn/slut.mp3
6053,ca,BadWords/ca/slut.mp3
6053,cs,BadWords/cs/slut.mp3
6053,da,BadWords/da/slut.mp3
6053,de,BadWords/de/slut.mp3
6053,el,BadWords/el/slut.mp3
6053,es,BadWords/es/slut.mp3
6053,et,BadWords/et/slut.mp3
6053,eu,BadWords/eu/slut.mp3
6053,fi,BadWords/fi/slut.mp3
6053,fr,BadWords/fr/slut.mp3
6053,gu,BadWords/gu/slut.mp3
6053,he,BadWords/he/slut.mp3
6053,hi,BadWords/hi/slut.mp3
6053,hr,BadWords/hr/slut.mp3
6053,hu,BadWords/hu/slut.mp3
6053,id,BadWords/id/slut.mp3
6053,is,BadWords/is/slut.mp3
6053,it,BadWords/it/slut.mp3
6053,ja,BadWords/ja/slut.mp3
6053,ko,BadWords/ko/slut.mp3
6053,lt,BadWords/lt/slut.mp3
6053,lv,BadWords/lv/slut.mp3
6053,ml,BadWords/ml/slut.mp3
6053,mr,BadWords/mr/slut.mp3
6053,nl,BadWords/nl/slut.mp3
6053,no,BadWords/no/slut.mp3
6053,pl,BadWords/pl/slut.mp3
6053,pt,BadWords/pt/slut.mp3
6053,ro,BadWords/ro/slut.mp3
6053,ru,BadWords/ru/slut.mp3
6053,sk,BadWords/sk/slut.mp3
6053,sl,BadWords/sl/slut.mp3
6053,sv,BadWords/sv/slut.mp3
6053,ta,BadWords/ta/slut.mp3
6053,te,BadWords/te/slut.mp3
6053,th,BadWords/th/slut.mp3
6053,tr,BadWords/tr/slut.mp3
6053,uk,BadWords/uk/slut.mp3
6053,ur,BadWords/ur/slut.mp3
6053,vi,BadWords/vi/slut.mp3
6053,zh,BadWords/zh/slut.mp3
6054,en,BadWords/en/whore.mp3
6054,ar,BadWords/ar/whore.mp3
6054,bg,BadWords/bg/whore.mp3
6054,bn,BadWords/bn/whore.mp3
6054,ca,BadWords/ca/whore.mp3
6054,cs,BadWords/cs/whore.mp3
6054,da,BadWords/da/whore.mp3
6054,de,BadWords/de/whore.mp3
6054,el,BadWords/el/whore.mp3
6054,es,BadWords/es/whore.mp3
6054,et,BadWords/et/whore.mp3
6054,eu,BadWords/eu/whore.mp3
6054,fi,BadWords/fi/whore.mp3
6054,fr,BadWords/fr/whore.mp3
6054,gu,BadWords/gu/whore.mp3
6054,he,BadWords/he/whore.mp3
6054,hi,BadWords/hi/whore.mp3
6054,hr,BadWords/hr/whore.mp3
6054,hu,BadWords/hu/whore.mp3
6054,id,BadWords/id/whore.mp3
6054,is,BadWords/is/whore.mp3
6054,it,BadWords/it/whore.mp3
6054,ja,BadWords/ja/whore.mp3
6054,ko,BadWords/ko/whore.mp3
6054,lt,BadWords/lt/whore.mp3
6054,lv,BadWords/lv/whore.mp3
6054,ml,BadWords/ml/whore.mp3
6054,mr,BadWords/mr/whore.mp3
6054,nl,BadWords/nl/whore.mp3
6054,no,BadWords/no/whore.mp3
6054,pl,BadWords/pl/whore.mp3
6054,pt,BadWords/pt/whore.mp3
6054,ro,BadWords/ro/whore.mp3
6054,ru,BadWords/ru/whore.mp3
6054,sk,BadWords/sk/whore.mp3
6054,sl,BadWords/sl/whore.mp3
6054,sv,BadWords/sv/whore.mp3
6054,ta,BadWords/ta/whore.mp3
6054,te,BadWords/te/whore.mp3
6054,th,BadWords/th/whore.mp3
6054,tr,BadWords/tr/whore.mp3
6054,uk,BadWords/uk/whore.mp3
6054,ur,BadWords/ur/whore.mp3
6054,vi,BadWords/vi/whore.mp3
6054,zh,BadWords/zh/whore.mp3
6055,en,BadWords/en/jackass.mp3
6055,ar,BadWords/ar/jackass.mp3
6055,bg,BadWords/bg/jackass.mp3
6055,bn,BadWords/bn/jackass.mp3
6055,ca,BadWords/ca/jackass.mp3
6055,cs,BadWords/cs/jackass.mp3
6055,da,BadWords/da/jackass.mp3
6055,de,BadWords/de/jackass.mp3
6055,el,BadWords/el/jackass.mp3
6055,es,BadWords/es/jackass.mp3
6055,et,BadWords/et/jackass.mp3
6055,eu,BadWords/eu/jackass.mp3
6055,fi,BadWords/fi/jackass.mp3
6055,fr,BadWords/fr/jackass.mp3
6055,gu,BadWords/gu/jackass.mp3
6055,he,BadWords/he/jackass.mp3
6055,hi,BadWords/hi/jackass.mp3
6055,hr,BadWords/hr/jackass.mp3
6055,hu,BadWords/hu/jackass.mp3
6055,id,BadWords/id/jackass.mp3
6055,is,BadWords/is/jackass.mp3
6055,it,BadWords/it/jackass.mp3
6055,ja,BadWords/ja/jackass.mp3
6055,ko,BadWords/ko/jackass.mp3
6055,lt,BadWords/lt/jackass.mp3
6055,lv,BadWords/lv/jackass.mp3
6055,ml,BadWords/ml/jackass.mp3
6055,mr,BadWords/mr/jackass.mp3
6055,nl,BadWords/nl/jackass.mp3
6055,no,BadWords/no/jackass.mp3
6055,pl,BadWords/pl/jackass.mp3
6055,pt,BadWords/pt/jackass.mp3
6055,ro,BadWords/ro/jackass.mp3
6055,ru,BadWords/ru/jackass.mp3
6055,sk,BadWords/sk/jackass.mp3
6055,sl,BadWords/sl/jackass.mp3
6055,sv,BadWords/sv/jackass.mp3
6055,ta,BadWords/ta/jackass.mp3
6055,te,BadWords/te/jackass.mp3
6055,th,BadWords/th/jackass.mp3
6055,tr,BadWords/tr/jackass.mp3
6055,uk,BadWords/uk/jackass.mp3
6055,ur,BadWords/ur/jackass.mp3
6055,vi,BadWords/vi/jackass.mp3
6055,zh,BadWords/zh/jackass.mp3
6056,en,BadWords/en/douche.mp3
6056,ar,BadWords/ar/douche.mp3
6056,bg,BadWords/bg/douche.mp3
6056,bn,BadWords/bn/douche.mp3
6056,ca,BadWords/ca/douche.mp3
6056,cs,BadWords/cs/douche.mp3
6056,da,BadWords/da/douche.mp3
6056,de,BadWords/de/douche.mp3
6056,el,BadWords/el/douche.mp3
6056,es,BadWords/es/douche.mp3
6056,et,BadWords/et/douche.mp3
6056,eu,BadWords/eu/douche.mp3
6056,fi,BadWords/fi/douche.mp3
6056,fr,BadWords/fr/douche.mp3
6056,gu,BadWords/gu/douche.mp3
6056,he,BadWords/he/douche.mp3
6056,hi,BadWords/hi/douche.mp3
6056,hr,BadWords/hr/douche.mp3
6056,hu,BadWords/hu/douche.mp3
6056,id,BadWords/id/douche.mp3
6056,is,BadWords/is/douche.mp3
6056,it,BadWords/it/douche.mp3
6056,ja,BadWords/ja/douche.mp3
6056,ko,BadWords/ko/douche.mp3
6056,lt,BadWords/lt/douche.mp3
6056,lv,BadWords/lv/douche.mp3
6056,ml,BadWords/ml/douche.mp3
6056,mr,BadWords/mr/douche.mp3
6056,nl,BadWords/nl/douche.mp3
6056,no,BadWords/no/douche.mp3
6056,pl,BadWords/pl/douche.mp3
6056,pt,BadWords/pt/douche.mp3
6056,ro,BadWords/ro/douche.mp3
6056,ru,BadWords/ru/douche.mp3
6056,sk,BadWords/sk/douche.mp3
6056,sl,BadWords/sl/douche.mp3
6056,sv,BadWords/sv/douche.mp3
6056,ta,BadWords/ta/douche.mp3
6056,te,BadWords/te/douche.mp3
6056,th,BadWords/th/douche.mp3
6056,tr,BadWords/tr/douche.mp3
6056,uk,BadWords/uk/douche.mp3
6056,ur,BadWords/ur/douche.mp3
6056,vi,BadWords/vi/douche.mp3
6056,zh,BadWords/zh/douche.mp3
6057,en,BadWords/en/douchebag.mp3
6057,ar,BadWords/ar/douchebag.mp3
6057,bg,BadWords/bg/douchebag.mp3
6057,bn,BadWords/bn/douchebag.mp3
6057,ca,BadWords/ca/douchebag.mp3
6057,cs,BadWords/cs/douchebag.mp3
6057,da,BadWords/da/douchebag.mp3
6057,de,BadWords/de/douchebag.mp3
6057,el,BadWords/el/douchebag.mp3
6057,es,BadWords/es/douchebag.mp3
6057,et,BadWords/et/douchebag.mp3
6057,eu,BadWords/eu/douchebag.mp3
6057,fi,BadWords/fi/douchebag.mp3
6057,fr,BadWords/fr/douchebag.mp3
6057,gu,BadWords/gu/douchebag.mp3
6057,he,BadWords/he/douchebag.mp3
6057,hi,BadWords/hi/douchebag.mp3
6057,hr,BadWords/hr/douchebag.mp3
6057,hu,BadWords/hu/douchebag.mp3
6057,id,BadWords/id/douchebag.mp3
6057,is,BadWords/is/douchebag.mp3
6057,it,BadWords/it/douchebag.mp3
6057,ja,BadWords/ja/douchebag.mp3
6057,ko,BadWords/ko/douchebag.mp3
6057,lt,BadWords/lt/douchebag.mp3
6057,lv,BadWords/lv/douchebag.mp3
6057,ml,BadWords/ml/douchebag.mp3
6057,mr,BadWords/mr/douchebag.mp3
6057,nl,BadWords/nl/douchebag.mp3
6057,no,BadWords/no/douchebag.mp3
6057,pl,BadWords/pl/douchebag.mp3
6057,pt,BadWords/pt/douchebag.mp3
6057,ro,BadWords/ro/douchebag.mp3
6057,ru,BadWords/ru/douchebag.mp3
6057,sk,BadWords/sk/douchebag.mp3
6057,sl,BadWords/sl/douchebag.mp3
6057,sv,BadWords/sv/douchebag.mp3
6057,ta,BadWords/ta/douchebag.mp3
6057,te,BadWords/te/douchebag.mp3
6057,th,BadWords/th/douchebag.mp3
6057,tr,BadWords/tr/douchebag.mp3
6057,uk,BadWords/uk/douchebag.mp3
6057,ur,BadWords/ur/douchebag.mp3
6057,vi,BadWords/vi/douchebag.mp3
6057,zh,BadWords/zh/douchebag.mp3
6058,en,BadWords/en/arse.mp3
6058,ar,BadWords/ar/arse.mp3
6058,bg,BadWords/bg/arse.mp3
6058,bn,BadWords/bn/arse.mp3
6058,ca,BadWords/ca/arse.mp3
6058,cs,BadWords/cs/arse.mp3
6058,da,BadWords/da/arse.mp3
6058,de,BadWords/de/arse.mp3
6058,el,BadWords/el/arse.mp3
6058,es,BadWords/es/arse.mp3
6058,et,BadWords/et/arse.mp3
6058,eu,BadWords/eu/arse.mp3
6058,fi,BadWords/fi/arse.mp3
6058,fr,BadWords/fr/arse.mp3
6058,gu,BadWords/gu/arse.mp3
6058,he,BadWords/he/arse.mp3
6058,hi,BadWords/hi/arse.mp3
6058,hr,BadWords/hr/arse.mp3
6058,hu,BadWords/hu/arse.mp3
6058,id,BadWords/id/arse.mp3
6058,is,BadWords/is/arse.mp3
6058,it,BadWords/it/arse.mp3
6058,ja,BadWords/ja/arse.mp3
6058,ko,BadWords/ko/arse.mp3
6058,lt,BadWords/lt/arse.mp3
6058,lv,BadWords/lv/arse.mp3
6058,ml,BadWords/ml/arse.mp3
6058,mr,BadWords/mr/arse.mp3
6058,nl,BadWords/nl/arse.mp3
6058,no,BadWords/no/arse.mp3
6058,pl,BadWords/pl/arse.mp3
6058,pt,BadWords/pt/arse.mp3
6058,ro,BadWords/ro/arse.mp3
6058,ru,BadWords/ru/arse.mp3
6058,sk,BadWords/sk/arse.mp3
6058,sl,BadWords/sl/arse.mp3
6058,sv,BadWords/sv/arse.mp3
6058,ta,BadWords/ta/arse.mp3
6058,te,BadWords/te/arse.mp3
6058,th,BadWords/th/arse.mp3
6058,tr,BadWords/tr/arse.mp3
6058,uk,BadWords/uk/arse.mp3
6058,ur,BadWords/ur/arse.mp3
6058,vi,BadWords/vi/arse.mp3
6058,zh,BadWords/zh/arse.mp3
6060,en,BadWords/en/wanker.mp3
6060,ar,BadWords/ar/wanker.mp3
6060,bg,BadWords/bg/wanker.mp3
6060,bn,BadWords/bn/wanker.mp3
6060,ca,BadWords/ca/wanker.mp3
6060,cs,BadWords/cs/wanker.mp3
6060,da,BadWords/da/wanker.mp3
6060,de,BadWords/de/wanker.mp3
6060,el,BadWords/el/wanker.mp3
6060,es,BadWords/es/wanker.mp3
6060,et,BadWords/et/wanker.mp3
6060,eu,BadWords/eu/wanker.mp3
6060,fi,BadWords/fi/wanker.mp3
6060,fr,BadWords/fr/wanker.mp3
6060,gu,BadWords/gu/wanker.mp3
6060,he,BadWords/he/wanker.mp3
6060,hi,BadWords/hi/wanker.mp3
6060,hr,BadWords/hr/wanker.mp3
6060,hu,BadWords/hu/wanker.mp3
6060,id,BadWords/id/wanker.mp3
6060,is,BadWords/is/wanker.mp3
6060,it,BadWords/it/wanker.mp3
6060,ja,BadWords/ja/wanker.mp3
6060,ko,BadWords/ko/wanker.mp3
6060,lt,BadWords/lt/wanker.mp3
6060,lv,BadWords/lv/wanker.mp3
6060,ml,BadWords/ml/wanker.mp3
6060,mr,BadWords/mr/wanker.mp3
6060,nl,BadWords/nl/wanker.mp3
6060,no,BadWords/no/wanker.mp3
6060,pl,BadWords/pl/wanker.mp3
6060,pt,BadWords/pt/wanker.mp3
6060,ro,BadWords/ro/wanker.mp3
6060,ru,BadWords/ru/wanker.mp3
6060,sk,BadWords/sk/wanker.mp3
6060,sl,BadWords/sl/wanker.mp3
6060,sv,BadWords/sv/wanker.mp3
6060,ta,BadWords/ta/wanker.mp3
6060,te,BadWords/te/wanker.mp3
6060,th,BadWords/th/wanker.mp3
6060,tr,BadWords/tr/wanker.mp3
6060,uk,BadWords/uk/wanker.mp3
6060,ur,BadWords/ur/wanker.mp3
6060,vi,BadWords/vi/wanker.mp3
6060,zh,BadWords/zh/wanker.mp3